{
    "prepare_queue": {
        "installed": [],
        "uninstalled": []
    },
    "config_munge": {
        "files": {
            "config.xml": {
                "parents": {
                    "/*": [
                        {
                            "xml": "<feature name=\"InAppBrowser\"><param name=\"ios-package\" value=\"CDVInAppBrowser\" /></feature>",
                            "count": 1
                        },
                        {
                            "xml": "<feature name=\"Geolocation\"><param name=\"ios-package\" value=\"CDVLocation\" /></feature>",
                            "count": 1
                        }
                    ]
                }
            },
            "*-Info.plist": {
                "parents": {
                    "FacebookAppID": [],
                    "FacebookDisplayName": [],
                    "CFBundleURLTypes": [],
                    "NSLocationWhenInUseUsageDescription": [
                        {
                            "xml": "<string />",
                            "count": 1
                        }
                    ]
                }
            }
        }
    },
    "installed_plugins": {
        "cordova-plugin-inappbrowser": {
            "PACKAGE_NAME": "com.ionicframework.starter"
        },
        "cordova-plugin-compat": {
            "PACKAGE_NAME": "com.ionicframework.starter"
        },
        "cordova-plugin-geolocation": {
            "PACKAGE_NAME": "com.ionicframework.starter"
        }
    },
    "dependent_plugins": {},
    "modules": [
        {
            "file": "plugins/cordova-plugin-inappbrowser/www/inappbrowser.js",
            "id": "cordova-plugin-inappbrowser.inappbrowser",
            "pluginId": "cordova-plugin-inappbrowser",
            "clobbers": [
                "cordova.InAppBrowser.open",
                "window.open"
            ]
        },
        {
            "file": "plugins/cordova-plugin-geolocation/www/Coordinates.js",
            "id": "cordova-plugin-geolocation.Coordinates",
            "pluginId": "cordova-plugin-geolocation",
            "clobbers": [
                "Coordinates"
            ]
        },
        {
            "file": "plugins/cordova-plugin-geolocation/www/PositionError.js",
            "id": "cordova-plugin-geolocation.PositionError",
            "pluginId": "cordova-plugin-geolocation",
            "clobbers": [
                "PositionError"
            ]
        },
        {
            "file": "plugins/cordova-plugin-geolocation/www/Position.js",
            "id": "cordova-plugin-geolocation.Position",
            "pluginId": "cordova-plugin-geolocation",
            "clobbers": [
                "Position"
            ]
        },
        {
            "file": "plugins/cordova-plugin-geolocation/www/geolocation.js",
            "id": "cordova-plugin-geolocation.geolocation",
            "pluginId": "cordova-plugin-geolocation",
            "clobbers": [
                "navigator.geolocation"
            ]
        }
    ],
    "plugin_metadata": {
        "cordova-plugin-inappbrowser": "1.6.0-dev",
        "cordova-plugin-compat": "1.1.0",
        "cordova-plugin-geolocation": "2.4.0"
    }
}